DMS_ID,TITLE,AUTHOR,YEAR,MOLECULE_TYPE,RAW_CONSTRUCT_SEQ,ASSAY_DESCRIPTION,PDB_STRUCTURE,RFAM_LINK
ke_2017_mRNA,Saturation mutagenesis reveals manifold determinants of exon definition,Ke,2017,mRNA,CCCCACCTCTTCTTCTTTTCTAGAGTTGCTGCTGGGAGCTCCAGCACAGTGAAATGGACAGAAGGGCAGAGCAAGTGAGTGGACAATGCG,Deep mutational scanning assay measuring the impact of single and double nucleotide substitutions on exon splicing efficiency in human cells.,n/a,n/a
soo_2021_ribozyme,Fitness landscape of a dynamic RNA structure,Soo,2021,ribozyme ,CTCTCTAGGTAGCAATATTACGACATGGAGGGAAAAGTTATCAGGCATGCACCTGGTAGCTAGTCTTTAAACCAATAGATTGCATCGGTTTAAAAGGCAAGACCGTCAAATTGCGGGAAAGGGGTCAACAGCCGTTCAGTACCAAGTCTCAGGGGAAACTTTGAGATGGCCTTGCAAAGGGTATGGTAATAAGCTGACGGACATGGTCCTAACCACGCAGCCAAGTCCTAAGTCAACAGATCTTCTGTTGATATGGATGCAGTTCACAGACTAAATGTCGGTCGGGGAAGATGTATTCTTCTCATAAGATATAGTCGGACCTCTCCTTAATGGGAGCTAGCGGATGAAGTGATGCAACACTGGAGCCGCTGGGAACTAATTTGTATGCGAAAGTATATTGATTAGTTTTGGAGTACTCGTGGTCG,Deep mutational scanning assay measuring the impact of single and double nucleotide substitutions on ribozyme self-splicing activity in vitro,n/a,https://rfam.org/family/Intron_gpI
Andreasson_2020_ribozyme,Comprehensive sequence-to-function mapping of cofactor-dependent RNA catalysis in the glmS ribozyme,Andreasson,2020,ribozyme riboswitch,ATAAAAGCGCCAGAACTACAGAAATGTAGTTGACGAGGAGGAGGTTTATCGAATTTTCGGCGGATGCCTCCAAA,Deep mutational scanning assay measuring the self-cleavage rates of ribozyme variants,PDB 2Z75,https://rfam.org/family/glmS
Kobori_2015_ribozyme_tw,High-throughput assay and engineering of self-cleaving ribozymes by sequencing,Kobori,2015,Lib-Tw,TAATACGACTCACTATAGGGCGCGGCATTAATGCAGCTTTATTGGAAACAATAAAGCGNNNNNAAGCCCGCAAAAATAGCAGAGTAATGTCGCG,Deep mutational scanning assay measuring self-cleavage activity of twister ribozyme variants with 5 randomized bases near a pseudoknot interaction,n/a,n/a
Kobori_2015_ribozyme_j12,High-throughput assay and engineering of self-cleaving ribozymes by sequencing,Kobori,2015,Lib-J1/2,TAATACGACTCACTATAGGGCCGCGACTCTAGAAGTGATGCTCTGCNNNNATAATCGCGTGGATATGGCACGCAAGTTTCTACCGGGCACCGTAAATGTCCGACTACTCCTATTCCGGCACGTCCACGTCGTGCAGAGCGGTAACATGCGTTACTAGGGGTGCAAGAGCTCTTTTTGAGGAGGAGCTCTTTTTGCTGCACTAGTTGCATCAGATGGTAACGCATGGCTAAGCCGGAAAGGGGGAGAC,Deep mutational scanning assay measuring ligand-dependent self-cleavage activity of HDV-like ribozyme variants with a guanine aptamer inserted at the J1/2 position via 4 randomized connecting bases,n/a,https://rfam.org/family/drz-agam-2-2
Kobori_2015_ribozyme_p4,High-throughput assay and engineering of self-cleaving ribozymes by sequencing,Kobori,2015,Lib-P4,TAATACGACTCACTATAGGGCCGCGACTCTAGAAGTGATGCTCTGCAAATGGGGTAGGAGGCGATGCCTCGTCCTCATACCCAACTCCTATTCCGGCACGTCCACGTCGTGCAGAGCGGTANNNNTATAATCGCGTGGATATGGCACGCAAGTTTCTACCGGGCACCGTAAATGTCCGACTAGTAGCTAAGCCGGAAAGGGGGAGAC,Deep mutational scanning assay measuring ligand-dependent self-cleavage activity of HDV-like ribozyme variants with a guanine aptamer inserted at the P4 position via 4 randomized connecting bases,n/a,https://rfam.org/family/Purine
Guy_2014_tRNA,Identification of the determinants of tRNA function and susceptibility to rapid tRNA decay by high-throughput in vivo analysis.,Guy,2014,tRNA,GATCTAACAAAGTTCATAAAGAAATTACTCTCGGTAGCCAAGTTGGTTTAAGGCGCAAGACTTTAATTTATCACTACGAAATCTTGAGATCGGGCGTTCGACTCGCCCCCGGGAGATTTTTTCCTCGAGCAA,Deep mutational scanning assay measuring the suppressor activity of tRNA variants in yeast cells using a fluorescent reporter,PDB 1EHZ,https://rfam.org/family/tRNA
Kobori_2018_ribozyme,Deep sequencing analysis of aptazyme variants based on a pistol ribozyme,Kobori,2018,pistol ribozyme,TAATACGACTCACTATAGGGTCGNNNNNNNATAATCGCGTGGATATGGCACGCAAGTTTCTACCGGGCACCGTAAATGTCCGACTGGAGCCGTTCGGGCGGCTATAAACAGACCTCAGGCCCGAAGCGTGGCGGCACCTGCCGCCGGTGGTAAAAAAGATCGGAAGAGCACACGTCT,Deep mutational scanning assay measuring the self-cleavage activity of ribozyme variants in vitro,n/a,https://rfam.org/family/Pistol
Townshend_2015_4nt_aptamer,High-throughput cellular RNA device engineering,Townshend,2015,4nt RNA aptamer,GCTGTCACCGGANNNNNNNNNTCNNNTNNNTNCNNNNNNNNNTCNNNTNNNNNNNNTNNNNNNGGACGAAACAGC,Deep mutational scanning assay measuring the gene regulatory activity of ribozyme variants in yeast cells using a dual fluorescent reporter system,Devices based on PDB 1O15,n/a
Townshend_2015_5nt_aptamer,High-throughput cellular RNA device engineering,Townshend,2015,5nt RNA aptamer,GCTGTCACCGGANNNNNNNCNNNNTNNTGANNCCNTNNNNNNNNCGNNNTGATGNNNNNNNNNNGGACGAAACAGC,Deep mutational scanning assay measuring the gene regulatory activity of ribozyme variants in yeast cells using a dual fluorescent reporter system,Devices based on PDB 1O15,n/a
Townshend_2015_6nt_aptamer,High-throughput cellular RNA device engineering,Townshend,2015,6nt RNA aptamer,GCTGTCACCGGANNNNNNNCNNNNNNNNNNNGNCCNTNNNAGNNNNGTCTNNNNNNNCNNNNNNNGGACGAAACAGC,Deep mutational scanning assay measuring the gene regulatory activity of ribozyme variants in yeast cells using a dual fluorescent reporter system,Devices based on PDB 1O15,n/a
Townshend_2015_7nt_aptamer,High-throughput cellular RNA device engineering,Townshend,2015,7nt RNA aptamer,GCTGTCACCGGANNNNNNNNNNNGTCTNNNNNNNCNNNNNNNNCNNNNNNNNNNNGNCCNNNNNNNGGACGAAACAGC,Deep mutational scanning assay measuring the gene regulatory activity of ribozyme variants in yeast cells using a dual fluorescent reporter system,Devices based on PDB 1O15,n/a
Townshend_2015_8nt_aptamer,High-throughput cellular RNA device engineering,Townshend,2015,8nt RNA aptamer,GCTGTCACCGGANNNNNNNNNNCGNNNTGATGNNNNNNNNNNNNCNNNNTNNTGANNCCNNNNNNNNGGACGAAACAGC,Deep mutational scanning assay measuring the gene regulatory activity of ribozyme variants in yeast cells using a dual fluorescent reporter system,Devices based on PDB 1O15,n/a
Pitt_2010_ribozyme,Rapid Construction of Empirical RNA Fitness Landscapes,Pitt,2010,Ligase Ribozyme ,GGAACACTATCCGACTGCGGTCGGTGGAGATGTATAGTCTTAGGGTGAGGCTGGAGATCGGAAGAGCGTCGTGTAGGGAAAGAGTGT,Deep mutational scanning assay measuring self-cleavage activity of hammerhead ribozyme variants,n/a,n/a
Peri_2022_ribozyme,Dynamic RNA Fitness Landscapes of a Group I Ribozyme during Changes to the Experimental Environment,Peri,2022,Azoarcus group I ribozyme,GUGCCUUGCGCCGGGAAACCACGCAAGGGAUGGUGUCAAAUUCGGCGAAACCUAAGCGCCCGCCCGGGCGUAUGGCAACGCNGAGCCAAGCUUCGGCGCCUGCGCCGAUGNAGGUGUAGNGACUAGACGGCACCCACCUAAGGCNAACGNUAUGGUGAAGGCAUAGUCNAGGGAGNGGCGAAAGUCACACAAACCGG,Deep mutational scanning assay measuring the activity of ribozyme variants across multiple magnesium concentrations using in vitro selection,n/a,n/a
Roberts_2023_cepeb3_ribozyme,RNA sequence to structure analysis from comprehensive pairwise mutagenesis of multiple self-cleaving ribozymes,Roberts,2023,CPEB3 Ribozyme,GGGGGCCACAGCAGAAGCGTTCACGTCGCGGCCCCTGTCAGATTCTGGTGAATCTGCGAATTCTGCTGT,Deep mutational scanning assay measuring the self-cleavage activity of ribozyme variants using in vitro co-transcriptional cleavage,n/a,https://rfam.org/family/CPEB3_ribozyme
Roberts_2023_HDV_ribozyme,RNA sequence to structure analysis from comprehensive pairwise mutagenesis of multiple self-cleaving ribozymes,Roberts,2023,HDV Ribozyme,GGCCGGCATGGTCCCAGCCTCCTCGCTGGCGCCGGCTGGGCAACATTCCGAGGGGACCGTCCCCTCGGTAATGGCGAATGGGACCCA,Deep mutational scanning assay measuring the self-cleavage activity of ribozyme variants using in vitro co-transcriptional cleavage,n/a,https://rfam.org/family/HDV_ribozyme
Roberts_2023_hp_ribozyme,RNA sequence to structure analysis from comprehensive pairwise mutagenesis of multiple self-cleaving ribozymes,Roberts,2023,Hairpin Ribozyme,GTCCTCTTTCACGTGCGCGTGAAAGAGAGAAGTGAACCAGAGAAACACACGTTGTGGTATATTACCTGGTA,Deep mutational scanning assay measuring the self-cleavage activity of ribozyme variants using in vitro co-transcriptional cleavage,n/a,https://rfam.org/family/Hairpin
Roberts_2023_hh_ribozyme,RNA sequence to structure analysis from comprehensive pairwise mutagenesis of multiple self-cleaving ribozymes,Roberts,2023,Hammerhead Ribozyme,ACCGGATGTGCTTTCCGGTCTGATGAGTCCGTGAGGACGAAACAG,Deep mutational scanning assay measuring the self-cleavage activity of ribozyme variants using in vitro co-transcriptional cleavage,n/a,n/a
Roberts_2023_tw_ribozyme,RNA sequence to structure analysis from comprehensive pairwise mutagenesis of multiple self-cleaving ribozymes,Roberts,2023,Twister Ribozyme,AACACTGCCAATGCCGGTCCCAAGCCCGGATAAAAGTGGAGGGGGCGG,Deep mutational scanning assay measuring the self-cleavage activity of ribozyme variants using in vitro co-transcriptional cleavage,n/a,n/a
Domingo_2018_tRNA,Pairwise and higher-order genetic interactions during the evolution of a tRNA,Domingo,2018,tRNA,GUUCCGUUGGCGUAAUGGUAACGCGUCUCCCUCCUAAGGAGAAGACUGCGGGUUCGAGUCCCGUACGGAACG,Deep mutational scanning assay measuring the fitness effects of tRNA variants in yeast cells using a competitive growth assay and high-throughput sequencing,n/a,https://rfam.org/family/tRNA
Janzen_2022_fam1a1_ribozyme,Emergent properties as by-products of prebiotic evolution of aminoacylation ribozymes,Janzen,2022,Fam1A.1 aminoacylation ribozyme,GATAATACGACTCACTATAGGGAATGGATCCACATCTACGAATTCCTACTTCAAACAATCGGTCTGTTCACTGCAGACTTGACGAAGCTG,Deep mutational scanning assay measuring the self-aminoacylation activity of ribozyme variants with multiple amino acid substrates using kinetic sequencing,n/a,n/a
Janzen_2022_fam1b1_ribozyme,Emergent properties as by-products of prebiotic evolution of aminoacylation ribozymes,Janzen,2022,Fam1B.1 aminoacylation ribozyme,GATAATACGACTCACTATAGGGAATGGATCCACATCTACGAATTCCCACACTTCAAGCAATCGGTCTTCACTGCAGACTTGACGAAGCTG,Deep mutational scanning assay measuring the self-aminoacylation activity of ribozyme variants with multiple amino acid substrates using kinetic sequencing,n/a,n/a
Janzen_2022_fam21_ribozyme,Emergent properties as by-products of prebiotic evolution of aminoacylation ribozymes,Janzen,2022,Fam2.1 aminoacylation ribozyme,GATAATACGACTCACTATAGGGAATGGATCCACATCTACGAATTCATTACCCTGGTCATCGAGTGATTCACTGCAGACTTGACGAAGCTG,Deep mutational scanning assay measuring the self-aminoacylation activity of ribozyme variants with multiple amino acid substrates using kinetic sequencing,n/a,n/a
Janzen_2022_fam22_ribozyme,Emergent properties as by-products of prebiotic evolution of aminoacylation ribozymes,Janzen,2022,Fam2.2 aminoacylation ribozyme,GATAATACGACTCACTATAGGGAATGGATCCACATCTACGAATTCATTCACCTAGGTCATCGGGTGTTCACTGCAGACTTGACGAAGCTG,Deep mutational scanning assay measuring the self-aminoacylation activity of ribozyme variants with multiple amino acid substrates using kinetic sequencing,n/a,n/a
Janzen_2022_fam31_ribozyme,Emergent properties as by-products of prebiotic evolution of aminoacylation ribozymes,Janzen,2022,Fam3.1 aminoacylation ribozyme,GATAATACGACTCACTATAGGGAATGGATCCACATCTACGAATTCAAGTTTGCTAATAGTCGCAAGTTCACTGCAGACTTGACGAAGCTG,Deep mutational scanning assay measuring the self-aminoacylation activity of ribozyme variants with multiple amino acid substrates using kinetic sequencing,n/a,n/a
Beck_2022_ribozyme,Predicting higher-order mutational effects in an RNA enzyme by machine learning of high-throughput experimental data,Beck,2022,ribozyme ,GGGGGCCACAGCAGAAGCGTTCACGTCGCGGCCCCTGTCAGATTCTGGTGAATCTGCGAATTCTGCTGT,Deep mutational scanning assay measuring the self-cleavage activity of CPEB3 ribozyme variants using in vitro transcription,n/a,https://rfam.org/family/CPEB3_ribozyme
Li_2016_tRNA,The fitness landscape of a tRNA gene,Li,2016,tRNA,GTTCCGTTGGCGTAATGGTAACGCGTCTCCCTCCTAAGGAGAAGACTGCGGGTTCGAGTCCCGTACGGAACG,Deep mutational scanning assay measuring the fitness of tRNA gene variants in yeast using competitive growth,n/a,https://rfam.org/family/tRNA
Tome_2014_GFP_aptamer,Comprehensive analysis of RNA-protein interactions by high-throughput sequencing-RNA affinity profiling,Tome,2014,GFP aptamer,GCUUCUGGACUGCGAUGGGAGCACGAAACGUCGUGGCGCAAUUGGGUGGGGAAAGUCCUUAAAAGAGGGCCACCACAGAAGC,Deep mutational scanning assay measuring the binding affinity of RNA aptamer variants to their target proteins using in vitro transcription,n/a,n/a
Tome_2014_NELFE_aptamer,Comprehensive analysis of RNA-protein interactions by high-throughput sequencing-RNA affinity profiling,Tome,2014,NELF-E aptamer,CCCAACGACUGCCGAGCGAGAUUACGCUUGAGCGCCCCACUGAGGAUGCCCACGGGCGAUUGGGGCACGG,Deep mutational scanning assay measuring the binding affinity of RNA aptamer variants to their target proteins using in vitro transcription,n/a,n/a
Julien_2016_mRNA,The complete local genotype-phenotype landscape for the alternative splicing of a human exon,Julien,2016,mRNA,GATCCAGATCTAACTTGGGGTGGCTTTGTCTTCTTCTTTTGCCAATTCCACTAATTGTTTGGG,Deep mutational scanning assay measuring the impact of single and double nucleotide substitutions on  alternative splicing efficiency of an exon in human cells,n/a,n/a