Title,First Author Last Name,Year,Molecule Type,RNA_type,Raw Construct Sequence,fitness filename
Saturation mutagenesis reveals manifold determinants of exon definition,Ke,2017,mRNA,mRNA,ccccacctcttcttcttttctagAGTTGCTGCTGGGAGCTCCAGCACAGTGAAATGGACAGAAGGGCAGAGCAAgtgagtggacaatgcg,ke_2017_mRNA
Fitness landscape of a dynamic RNA structure,Soo,2021,ribozyme,ribozyme,CTCTCTAGGTAGCAATATTACGACATGGAGGGAAAAGTTATCAGGCATGCACCTGGTAGCTAGTCTTTAAACCAATAGATTGCATCGGTTTAAAAGGCAAGACCGTCAAATTGCGGGAAAGGGGTCAACAGCCGTTCAGTACCAAGTCTCAGGGGAAACTTTGAGATGGCCTTGCAAAGGGTATGGTAATAAGCTGACGGACATGGTCCTAACCACGCAGCCAAGTCCTAAGTCAACAGATCTTCTGTTGATATGGATGCAGTTCACAGACTAAATGTCGGTCGGGGAAGATGTATTCTTCTCATAAGATATAGTCGGACCTCTCCTTAATGGGAGCTAGCGGATGAAGTGATGCAACACTGGAGCCGCTGGGAACTAATTTGTATGCGAAAGTATATTGATTAGTTTTGGAGTACTCGTGGTCG,soo_2021_ribozyme
Comprehensive sequence-to-function mapping of cofactor-dependent RNA catalysis in the glmS ribozyme,Andreasson,2020,ribozyme riboswitch,ribozyme,ATAAAAGCGCCAGAACTACAGAAATGTAGTTGACGAGGAGGAGGTTTATCGAATTTTCGGCGGATGCCTCCAAA,Andreasson_2020_ribozyme
High-throughput assay and engineering of self-cleaving ribozymes by sequencing,Kobori,2015,Lib-Tw,ribozyme,TAATACGACTCACTATAGGGCGCGGCATTAATGCAGCTTTATTGGAAACAATAAAGCGNNNNNAAGCCCGCAAAAATAGCAGAGTAATGTCGCG,Kobori_2015_ribozyme_tw
High-throughput assay and engineering of self-cleaving ribozymes by sequencing,Kobori,2015,Lib-J1/2,ribozyme,TAATACGACTCACTATAGGGCCGCGACTCTAGAAGTGATGCTCTGCNNNNATAATCGCGTGGATATGGCACGCAAGTTTCTACCGGGCACCGTAAATGTCCGACTACTCCTATTCCGGCACGTCCACGTCGTGCAGAGCGGTAACATGCGTTACTAGGGGTGCAAGAGCTCTTTTTGAGGAGGAGCTCTTTTTGCTGCACTAGTTGCATCAGATGGTAACGCATGGCTAAGCCGGAAAGGGGGAGAC,Kobori_2015_ribozyme_j12
High-throughput assay and engineering of self-cleaving ribozymes by sequencing,Kobori,2015,Lib-P4,ribozyme,TAATACGACTCACTATAGGGCCGCGACTCTAGAAGTGATGCTCTGCAAATGGGGTAGGAGGCGATGCCTCGTCCTCATACCCAACTCCTATTCCGGCACGTCCACGTCGTGCAGAGCGGTANNNNTATAATCGCGTGGATATGGCACGCAAGTTTCTACCGGGCACCGTAAATGTCCGACTAGTAGCTAAGCCGGAAAGGGGGAGAC,Kobori_2015_ribozyme_p4
Identification of the determinants of tRNA function and susceptibility to rapid tRNA decay by high-throughput in vivo analysis.,Guy,2014,tRNA,tRNA,GATCTAACAAAGTTCATAAAGAAATTACTCTCGGTAGCCAAGTTGGTTTAAGGCGCAAGACTTTAATTTATCACTACGAAATCTTGAGATCGGGCGTTCGACTCGCCCCCGGGAGATTTTTTCCTCGAGCAA,Guy_2014_tRNA
Deep sequencing analysis of aptazyme variants based on a pistol ribozyme,Kobori,2018,pistol ribozyme,ribozyme,TAATACGACTCACTATAGGGTCGNNNNNNNATAATCGCGTGGATATGGCACGCAAGTTTCTACCGGGCACCGTAAATGTCCGACTGGAGCCGTTCGGGCGGCTATAAACAGACCTCAGGCCCGAAGCGTGGCGGCACCTGCCGCCGGTGGTAAAAAAGATCGGAAGAGCACACGTCT,Kobori_2018_ribozyme
High-throughput cellular RNA device engineering,Townshend,2015,4nt RNA aptamer,aptamer,GCTGTCACCGGANNNNNNNNNTCNNNTNNNTNCNNNNNNNNNTCNNNTNNNNNNNNTNNNNNNGGACGAAACAGC,Townshend_2015_4nt_aptamer
High-throughput cellular RNA device engineering,Townshend,2015,5nt RNA aptamer,aptamer,GCTGTCACCGGANNNNNNNCNNNNTNNTGANNCCNTNNNNNNNNCGNNNTGATGNNNNNNNNNNGGACGAAACAGC,Townshend_2015_5nt_aptamer
High-throughput cellular RNA device engineering,Townshend,2015,6nt RNA aptamer,aptamer,GCTGTCACCGGANNNNNNNCNNNNNNNNNNNGNCCNTNNNAGNNNNGTCTNNNNNNNCNNNNNNNGGACGAAACAGC,Townshend_2015_6nt_aptamer
High-throughput cellular RNA device engineering,Townshend,2015,7nt RNA aptamer,aptamer,GCTGTCACCGGANNNNNNNNNNNGTCTNNNNNNNCNNNNNNNNCNNNNNNNNNNNGNCCNNNNNNNGGACGAAACAGC,Townshend_2015_7nt_aptamer
High-throughput cellular RNA device engineering,Townshend,2015,8nt RNA aptamer,aptamer,GCTGTCACCGGANNNNNNNNNNCGNNNTGATGNNNNNNNNNNNNCNNNNTNNTGANNCCNNNNNNNNGGACGAAACAGC,Townshend_2015_8nt_aptamer
Rapid Construction of Empirical RNA Fitness Landscapes,Pitt,2010,Ligase Ribozyme,ribozyme,GGAACACTATCCGACTGCGGTCGGTGGAGATGTATAGTCTTAGGGTGAGGCTGGAGATCGGAAGAGCGTCGTGTAGGGAAAGAGTGT,Pitt_2010_ribozyme
Dynamic RNA Fitness Landscapes of a Group I Ribozyme during Changes to the Experimental Environment,Peri,2022,Azoarcus group I ribozyme,ribozyme,GUGCCUUGCGCCGGGAAACCACGCAAGGGAUGGUGUCAAAUUCGGCGAAACCUAAGCGCCCGCCCGGGCGUAUGGCAACGCNGAGCCAAGCUUCGGCGCCUGCGCCGAUGNAGGUGUAGNGACUAGACGGCACCCACCUAAGGCNAACGNUAUGGUGAAGGCAUAGUCNAGGGAGNGGCGAAAGUCACACAAACCGG,Peri_2022_ribozyme
RNA sequence to structure analysis from comprehensive pairwise mutagenesis of multiple self-cleaving ribozymes,Roberts,2023,CPEB3 Ribozyme,ribozyme,GGGGGCCACAGCAGAAGCGTTCACGTCGCGGCCCCTGTCAGATTCTGGTGAATCTGCGAATTCTGCTGT,Roberts_2023_cepeb3_ribozyme
RNA sequence to structure analysis from comprehensive pairwise mutagenesis of multiple self-cleaving ribozymes,Roberts,2023,HDV Ribozyme,ribozyme,GGCCGGCATGGTCCCAGCCTCCTCGCTGGCGCCGGCTGGGCAACATTCCGAGGGGACCGTCCCCTCGGTAATGGCGAATGGGACCCA,Roberts_2023_HDV_ribozyme
RNA sequence to structure analysis from comprehensive pairwise mutagenesis of multiple self-cleaving ribozymes,Roberts,2023,Hairpin Ribozyme,ribozyme,GTCCTCTTTCACGTGCGCGTGAAAGAGAGAAGTGAACCAGAGAAACACACGTTGTGGTATATTACCTGGTA,Roberts_2023_hp_ribozyme
RNA sequence to structure analysis from comprehensive pairwise mutagenesis of multiple self-cleaving ribozymes,Roberts,2023,Hammerhead Ribozyme,ribozyme,ACCGGATGTGCTTTCCGGTCTGATGAGTCCGTGAGGACGAAACAG,Roberts_2023_hh_ribozyme
RNA sequence to structure analysis from comprehensive pairwise mutagenesis of multiple self-cleaving ribozymes,Roberts,2023,Twister Ribozyme,ribozyme,AACACTGCCAATGCCGGTCCCAAGCCCGGATAAAAGTGGAGGGGGCGG,Roberts_2023_tw_ribozyme
Pairwise and higher-order genetic interactions during the evolution of a tRNA,Domingo,2018,tRNA,tRNA,GUUCCGUUGGCGUAAUGGUAACGCGUCUCCCUCCUAAGGAGAAGACUGCGGGUUCGAGUCCCGUACGGAACG,Domingo_2018_tRNA
Emergent properties as by-products of prebiotic evolution of aminoacylation ribozymes,Janzen,2022,Fam1A.1 aminoacylation ribozyme,ribozyme,GATAATACGACTCACTATAGGGAATGGATCCACATCTACGAATTCCTACTTCAAACAATCGGTCTGTTCACTGCAGACTTGACGAAGCTG,Janzen_2022_fam1a1_ribozyme
Emergent properties as by-products of prebiotic evolution of aminoacylation ribozymes,Janzen,2022,Fam1B.1 aminoacylation ribozyme,ribozyme,GATAATACGACTCACTATAGGGAATGGATCCACATCTACGAATTCCCACACTTCAAGCAATCGGTCTTCACTGCAGACTTGACGAAGCTG,Janzen_2022_fam1b1_ribozyme
Emergent properties as by-products of prebiotic evolution of aminoacylation ribozymes,Janzen,2022,Fam2.1 aminoacylation ribozyme,ribozyme,GATAATACGACTCACTATAGGGAATGGATCCACATCTACGAATTCATTACCCTGGTCATCGAGTGATTCACTGCAGACTTGACGAAGCTG,Janzen_2022_fam21_ribozyme
Emergent properties as by-products of prebiotic evolution of aminoacylation ribozymes,Janzen,2022,Fam2.2 aminoacylation ribozyme,ribozyme,GATAATACGACTCACTATAGGGAATGGATCCACATCTACGAATTCATTCACCTAGGTCATCGGGTGTTCACTGCAGACTTGACGAAGCTG,Janzen_2022_fam22_ribozyme
Emergent properties as by-products of prebiotic evolution of aminoacylation ribozymes,Janzen,2022,Fam3.1 aminoacylation ribozyme,ribozyme,GATAATACGACTCACTATAGGGAATGGATCCACATCTACGAATTCAAGTTTGCTAATAGTCGCAAGTTCACTGCAGACTTGACGAAGCTG,Janzen_2022_fam31_ribozyme
Predicting higher-order mutational effects in an RNA enzyme by machine learning of high-throughput experimental data,Beck,2022,ribozyme,ribozyme,GGGGGCCACAGCAGAAGCGTTCACGTCGCGGCCCCTGTCAGATTCTGGTGAATCTGCGAATTCTGCTGT,Beck_2022_ribozyme
The fitness landscape of a tRNA gene,Li,2016,tRNA,tRNA,GTTCCGTTGGCGTAATGGTAACGCGTCTCCCTCCTAAGGAGAAGACTGCGGGTTCGAGTCCCGTACGGAACG,Li_2016_tRNA
Comprehensive analysis of RNA-protein interactions by high-throughput sequencing-RNA affinity profiling,Tome,2014,GFP aptamer,aptamer,GCUUCUGGACUGCGAUGGGAGCACGAAACGUCGUGGCGCAAUUGGGUGGGGAAAGUCCUUAAAAGAGGGCCACCACAGAAGC,Tome_2014_GFP_aptamer
Comprehensive analysis of RNA-protein interactions by high-throughput sequencing-RNA affinity profiling,Tome,2014,NELF-E aptamer,aptamer,CCCAACGACUGCCGAGCGAGAUUACGCUUGAGCGCCCCACUGAGGAUGCCCACGGGCGAUUGGGGCACGG,Tome_2014_NELFE_aptamer
The complete local genotypeŠphenotype landscape for the alternative splicing of a human exon,Julien,2016,mRNA,mRNA,GATCCAGATCTAACTTGGGGTGGCTTTGTCTTCTTCTTTTGCCAATTCCACTAATTGTTTGGG,Julien_2016_mRNA